#Population	GBE_ID	PRS_model	phe_type	features	R_or_AUC
african	Alanine_aminotransferase	snpnet	qt	Covariates_only	3.278933e-01
african	Alanine_aminotransferase	snpnet	qt	Genotype_and_covariates	3.292302e-01
african	Alanine_aminotransferase	snpnet	qt	Genotype_only	5.946176e-02
african	Alanine_aminotransferase_adjstatins	snpnet	qt	Covariates_only	3.300784e-01
african	Alanine_aminotransferase_adjstatins	snpnet	qt	Genotype_and_covariates	3.311427e-01
african	Alanine_aminotransferase_adjstatins	snpnet	qt	Genotype_only	5.760974e-02
african	Albumin	snpnet	qt	Covariates_only	2.559926e-01
african	Albumin	snpnet	qt	Genotype_and_covariates	2.800733e-01
african	Albumin	snpnet	qt	Genotype_only	1.164659e-01
african	Albumin_adjstatins	snpnet	qt	Covariates_only	2.599706e-01
african	Albumin_adjstatins	snpnet	qt	Genotype_and_covariates	2.855742e-01
african	Albumin_adjstatins	snpnet	qt	Genotype_only	1.183656e-01
african	Alkaline_phosphatase	snpnet	qt	Covariates_only	1.778803e-01
african	Alkaline_phosphatase	snpnet	qt	Genotype_and_covariates	2.495393e-01
african	Alkaline_phosphatase	snpnet	qt	Genotype_only	1.737178e-01
african	Apolipoprotein_A	snpnet	qt	Covariates_only	3.007404e-01
african	Apolipoprotein_A	snpnet	qt	Genotype_and_covariates	3.548795e-01
african	Apolipoprotein_A	snpnet	qt	Genotype_only	1.869331e-01
african	Apolipoprotein_A_adjstatins	snpnet	qt	Covariates_only	2.888526e-01
african	Apolipoprotein_A_adjstatins	snpnet	qt	Genotype_and_covariates	3.432708e-01
african	Apolipoprotein_A_adjstatins	snpnet	qt	Genotype_only	1.832639e-01
african	Apolipoprotein_B	snpnet	qt	Covariates_only	1.389181e-01
african	Apolipoprotein_B	snpnet	qt	Genotype_and_covariates	2.983184e-01
african	Apolipoprotein_B	snpnet	qt	Genotype_only	2.704021e-01
african	Apolipoprotein_B_adjstatins	snpnet	qt	Covariates_only	1.966286e-01
african	Apolipoprotein_B_adjstatins	snpnet	qt	Genotype_and_covariates	3.612458e-01
african	Apolipoprotein_B_adjstatins	snpnet	qt	Genotype_only	3.047349e-01
african	Aspartate_aminotransferase	snpnet	qt	Covariates_only	1.735492e-01
african	Aspartate_aminotransferase	snpnet	qt	Genotype_and_covariates	1.798211e-01
african	Aspartate_aminotransferase	snpnet	qt	Genotype_only	4.883832e-02
african	Aspartate_aminotransferase_adjstatins	snpnet	qt	Covariates_only	1.713475e-01
african	Aspartate_aminotransferase_adjstatins	snpnet	qt	Genotype_and_covariates	1.796916e-01
african	Aspartate_aminotransferase_adjstatins	snpnet	qt	Genotype_only	5.385356e-02
african	Calcium	snpnet	qt	Covariates_only	2.010484e-01
african	Calcium	snpnet	qt	Genotype_and_covariates	2.201318e-01
african	Calcium	snpnet	qt	Genotype_only	1.056864e-01
african	Calcium_adjstatins	snpnet	qt	Covariates_only	1.837968e-01
african	Calcium_adjstatins	snpnet	qt	Genotype_and_covariates	2.067974e-01
african	Calcium_adjstatins	snpnet	qt	Genotype_only	1.056126e-01
african	Cholesterol	snpnet	qt	Covariates_only	1.702992e-01
african	Cholesterol	snpnet	qt	Genotype_and_covariates	2.718208e-01
african	Cholesterol	snpnet	qt	Genotype_only	2.231453e-01
african	Cholesterol_adjstatins	snpnet	qt	Covariates_only	2.245526e-01
african	Cholesterol_adjstatins	snpnet	qt	Genotype_and_covariates	3.450357e-01
african	Cholesterol_adjstatins	snpnet	qt	Genotype_only	2.699405e-01
african	Creatinine	snpnet	qt	Covariates_only	3.924612e-01
african	Creatinine	snpnet	qt	Genotype_and_covariates	3.901422e-01
african	Creatinine	snpnet	qt	Genotype_only	4.027950e-02
african	Creatinine_adjstatins	snpnet	qt	Covariates_only	3.910357e-01
african	Creatinine_adjstatins	snpnet	qt	Genotype_and_covariates	3.881404e-01
african	Creatinine_adjstatins	snpnet	qt	Genotype_only	4.254923e-02
african	Creatinine_in_urine	snpnet	qt	Covariates_only	2.958481e-01
african	Creatinine_in_urine	snpnet	qt	Genotype_and_covariates	2.974795e-01
african	Creatinine_in_urine	snpnet	qt	Genotype_only	3.880510e-02
african	Cystatin_C	snpnet	qt	Covariates_only	2.989014e-01
african	Cystatin_C	snpnet	qt	Genotype_and_covariates	3.097028e-01
african	Cystatin_C	snpnet	qt	Genotype_only	9.594360e-02
african	Cystatin_C_adjstatins	snpnet	qt	Covariates_only	2.855044e-01
african	Cystatin_C_adjstatins	snpnet	qt	Genotype_and_covariates	2.977500e-01
african	Cystatin_C_adjstatins	snpnet	qt	Genotype_only	9.756983e-02
african	C_reactive_protein	snpnet	qt	Covariates_only	7.402237e-02
african	C_reactive_protein	snpnet	qt	Genotype_and_covariates	1.088992e-01
african	C_reactive_protein	snpnet	qt	Genotype_only	7.930917e-02
african	C_reactive_protein_adjstatins	snpnet	qt	Covariates_only	6.813791e-02
african	C_reactive_protein_adjstatins	snpnet	qt	Genotype_and_covariates	1.031572e-01
african	C_reactive_protein_adjstatins	snpnet	qt	Genotype_only	7.760345e-02
african	Direct_bilirubin	snpnet	qt	Covariates_only	2.068015e-01
african	Direct_bilirubin	snpnet	qt	Genotype_and_covariates	4.449295e-01
african	Direct_bilirubin	snpnet	qt	Genotype_only	3.790625e-01
african	Direct_bilirubin_adjstatins	snpnet	qt	Covariates_only	2.121569e-01
african	Direct_bilirubin_adjstatins	snpnet	qt	Genotype_and_covariates	4.444637e-01
african	Direct_bilirubin_adjstatins	snpnet	qt	Genotype_only	3.763742e-01
african	Fasting_glucose	snpnet	qt	Covariates_only	5.692105e-01
african	Fasting_glucose	snpnet	qt	Genotype_and_covariates	5.667273e-01
african	Fasting_glucose	snpnet	qt	Genotype_only	1.569991e-02
african	Gamma_glutamyltransferase_adjstatins	snpnet	qt	Covariates_only	1.950470e-01
african	Gamma_glutamyltransferase_adjstatins	snpnet	qt	Genotype_and_covariates	2.154513e-01
african	Gamma_glutamyltransferase_adjstatins	snpnet	qt	Genotype_only	9.120257e-02
african	Glucose	snpnet	qt	Covariates_only	1.204410e-01
african	Glucose	snpnet	qt	Genotype_and_covariates	1.280920e-01
african	Glucose	snpnet	qt	Genotype_only	4.907054e-02
african	Glycated_haemoglobin_HbA1c	snpnet	qt	Covariates_only	2.205655e-01
african	Glycated_haemoglobin_HbA1c	snpnet	qt	Genotype_and_covariates	2.191710e-01
african	Glycated_haemoglobin_HbA1c	snpnet	qt	Genotype_only	6.876160e-02
african	Glycated_haemoglobin_HbA1c_adjstatins	snpnet	qt	Covariates_only	2.063726e-01
african	Glycated_haemoglobin_HbA1c_adjstatins	snpnet	qt	Genotype_and_covariates	2.066846e-01
african	Glycated_haemoglobin_HbA1c_adjstatins	snpnet	qt	Genotype_only	6.912779e-02
african	HDL_cholesterol	snpnet	qt	Covariates_only	3.329184e-01
african	HDL_cholesterol	snpnet	qt	Genotype_and_covariates	3.978670e-01
african	HDL_cholesterol	snpnet	qt	Genotype_only	2.143815e-01
african	HDL_cholesterol_adjstatins	snpnet	qt	Covariates_only	3.289706e-01
african	HDL_cholesterol_adjstatins	snpnet	qt	Genotype_and_covariates	3.934340e-01
african	HDL_cholesterol_adjstatins	snpnet	qt	Genotype_only	2.120118e-01
african	IGF_1	snpnet	qt	Covariates_only	2.128875e-01
african	IGF_1	snpnet	qt	Genotype_and_covariates	2.880998e-01
african	IGF_1	snpnet	qt	Genotype_only	1.921190e-01
african	IGF_1_adjstatins	snpnet	qt	Covariates_only	2.130073e-01
african	IGF_1_adjstatins	snpnet	qt	Genotype_and_covariates	2.880998e-01
african	IGF_1_adjstatins	snpnet	qt	Genotype_only	1.919899e-01
african	LDL_direct	snpnet	qt	Covariates_only	1.540924e-01
african	LDL_direct	snpnet	qt	Genotype_and_covariates	2.634741e-01
african	LDL_direct	snpnet	qt	Genotype_only	2.248861e-01
african	LDL_direct_adjstatins	snpnet	qt	Covariates_only	1.618256e-01
african	LDL_direct_adjstatins	snpnet	qt	Genotype_and_covariates	2.785683e-01
african	LDL_direct_adjstatins	snpnet	qt	Genotype_only	2.336891e-01
african	Lipoprotein_A_adjstatins	snpnet	qt	Covariates_only	4.512470e-02
african	Lipoprotein_A_adjstatins	snpnet	qt	Genotype_and_covariates	1.113656e-01
african	Lipoprotein_A_adjstatins	snpnet	qt	Genotype_only	1.047918e-01
african	MicroalbuminNormal	snpnet	bin	Covariates_only	5.581286e-01
african	MicroalbuminNormal	snpnet	bin	Genotype_and_covariates	5.641124e-01
african	MicroalbuminNormal	snpnet	bin	Genotype_only	5.295069e-01
african	Non_albumin_protein	snpnet	qt	Covariates_only	1.104290e-01
african	Non_albumin_protein	snpnet	qt	Genotype_and_covariates	1.791210e-01
african	Non_albumin_protein	snpnet	qt	Genotype_only	1.401289e-01
african	Non_albumin_protein_adjstatins	snpnet	qt	Covariates_only	1.067671e-01
african	Non_albumin_protein_adjstatins	snpnet	qt	Genotype_and_covariates	1.766438e-01
african	Non_albumin_protein_adjstatins	snpnet	qt	Genotype_only	1.396703e-01
african	OestradiolNormal	snpnet	bin	Covariates_only	8.447572e-01
african	OestradiolNormal	snpnet	bin	Genotype_and_covariates	8.449742e-01
african	OestradiolNormal	snpnet	bin	Genotype_only	5.151281e-01
african	Phosphate	snpnet	qt	Covariates_only	3.368095e-01
african	Phosphate	snpnet	qt	Genotype_and_covariates	3.435507e-01
african	Phosphate	snpnet	qt	Genotype_only	1.001329e-01
african	Phosphate_adjstatins	snpnet	qt	Covariates_only	3.248548e-01
african	Phosphate_adjstatins	snpnet	qt	Genotype_and_covariates	3.331010e-01
african	Phosphate_adjstatins	snpnet	qt	Genotype_only	9.773565e-02
african	Potassium_in_urine	snpnet	qt	Covariates_only	1.366397e-01
african	Potassium_in_urine	snpnet	qt	Genotype_and_covariates	1.394883e-01
african	Potassium_in_urine	snpnet	qt	Genotype_only	2.995113e-02
african	RheumatoidFactorNormal	snpnet	bin	Covariates_only	5.747770e-01
african	RheumatoidFactorNormal	snpnet	bin	Genotype_and_covariates	5.637643e-01
african	RheumatoidFactorNormal	snpnet	bin	Genotype_only	5.035658e-01
african	SHBG	snpnet	qt	Covariates_only	3.097281e-01
african	SHBG	snpnet	qt	Genotype_and_covariates	3.414520e-01
african	SHBG	snpnet	qt	Genotype_only	1.468401e-01
african	SHBG_adjstatins	snpnet	qt	Covariates_only	3.907504e-01
african	SHBG_adjstatins	snpnet	qt	Genotype_and_covariates	4.336679e-01
african	SHBG_adjstatins	snpnet	qt	Genotype_only	1.895345e-01
african	Sodium_in_urine	snpnet	qt	Covariates_only	2.273531e-01
african	Sodium_in_urine	snpnet	qt	Genotype_and_covariates	2.280280e-01
african	Sodium_in_urine	snpnet	qt	Genotype_only	2.043740e-02
african	Testosterone	snpnet	qt	Covariates_only	8.405405e-01
african	Testosterone	snpnet	qt	Genotype_and_covariates	8.421041e-01
african	Testosterone	snpnet	qt	Genotype_only	6.749019e-02
african	Testosterone_adjstatins	snpnet	qt	Covariates_only	8.999333e-01
african	Testosterone_adjstatins	snpnet	qt	Genotype_and_covariates	9.014621e-01
african	Testosterone_adjstatins	snpnet	qt	Genotype_only	6.635169e-02
african	Total_protein	snpnet	qt	Covariates_only	8.199209e-02
african	Total_protein	snpnet	qt	Genotype_and_covariates	1.464034e-01
african	Total_protein	snpnet	qt	Genotype_only	1.224842e-01
african	Total_protein_adjstatins	snpnet	qt	Covariates_only	8.194251e-02
african	Total_protein_adjstatins	snpnet	qt	Genotype_and_covariates	1.468662e-01
african	Total_protein_adjstatins	snpnet	qt	Genotype_only	1.240680e-01
african	Triglycerides	snpnet	qt	Covariates_only	2.325265e-01
african	Triglycerides	snpnet	qt	Genotype_and_covariates	2.462332e-01
african	Triglycerides	snpnet	qt	Genotype_only	1.032361e-01
african	Triglycerides_adjstatins	snpnet	qt	Covariates_only	2.555414e-01
african	Triglycerides_adjstatins	snpnet	qt	Genotype_and_covariates	2.673174e-01
african	Triglycerides_adjstatins	snpnet	qt	Genotype_only	1.095260e-01
african	UACRNormal	snpnet	bin	Covariates_only	5.774691e-01
african	UACRNormal	snpnet	bin	Genotype_and_covariates	5.789572e-01
african	UACRNormal	snpnet	bin	Genotype_only	5.073624e-01
african	Urate	snpnet	qt	Covariates_only	4.841216e-01
african	Urate	snpnet	qt	Genotype_and_covariates	5.253576e-01
african	Urate	snpnet	qt	Genotype_only	1.956383e-01
african	Urea	snpnet	qt	Covariates_only	3.183324e-01
african	Urea	snpnet	qt	Genotype_and_covariates	3.226019e-01
african	Urea	snpnet	qt	Genotype_only	7.802463e-02
african	Urea_adjstatins	snpnet	qt	Covariates_only	3.054121e-01
african	Urea_adjstatins	snpnet	qt	Genotype_and_covariates	3.099197e-01
african	Urea_adjstatins	snpnet	qt	Genotype_only	8.054193e-02
african	Vitamin_D	snpnet	qt	Covariates_only	2.016356e-01
african	Vitamin_D	snpnet	qt	Genotype_and_covariates	1.966969e-01
african	Vitamin_D	snpnet	qt	Genotype_only	3.263573e-02
african	Vitamin_D_adjstatins	snpnet	qt	Covariates_only	1.920164e-01
african	Vitamin_D_adjstatins	snpnet	qt	Genotype_and_covariates	1.893993e-01
african	Vitamin_D_adjstatins	snpnet	qt	Genotype_only	3.704608e-02
african	eGFR_adjstatins	snpnet	qt	Covariates_only	3.626603e-01
african	eGFR_adjstatins	snpnet	qt	Genotype_and_covariates	3.800550e-01
african	eGFR_adjstatins	snpnet	qt	Genotype_only	1.185392e-01
e_asian	Alanine_aminotransferase	snpnet	qt	Covariates_only	3.098339e-01
e_asian	Alanine_aminotransferase	snpnet	qt	Genotype_and_covariates	3.341276e-01
e_asian	Alanine_aminotransferase	snpnet	qt	Genotype_only	1.335704e-01
e_asian	Alanine_aminotransferase_adjstatins	snpnet	qt	Covariates_only	3.078116e-01
e_asian	Alanine_aminotransferase_adjstatins	snpnet	qt	Genotype_and_covariates	3.330521e-01
e_asian	Alanine_aminotransferase_adjstatins	snpnet	qt	Genotype_only	1.360361e-01
e_asian	Albumin	snpnet	qt	Covariates_only	1.708595e-01
e_asian	Albumin	snpnet	qt	Genotype_and_covariates	2.552894e-01
e_asian	Albumin	snpnet	qt	Genotype_only	1.967567e-01
e_asian	Albumin_adjstatins	snpnet	qt	Covariates_only	2.378766e-01
e_asian	Albumin_adjstatins	snpnet	qt	Genotype_and_covariates	2.245689e-01
e_asian	Albumin_adjstatins	snpnet	qt	Genotype_only	5.499626e-02
e_asian	Alkaline_phosphatase	snpnet	qt	Covariates_only	2.928511e-01
e_asian	Alkaline_phosphatase	snpnet	qt	Genotype_and_covariates	4.202433e-01
e_asian	Alkaline_phosphatase	snpnet	qt	Genotype_only	3.024881e-01
e_asian	Apolipoprotein_A	snpnet	qt	Covariates_only	4.120083e-01
e_asian	Apolipoprotein_A	snpnet	qt	Genotype_and_covariates	4.945579e-01
e_asian	Apolipoprotein_A	snpnet	qt	Genotype_only	2.891884e-01
e_asian	Apolipoprotein_A_adjstatins	snpnet	qt	Covariates_only	6.106775e-02
e_asian	Apolipoprotein_A_adjstatins	snpnet	qt	Genotype_and_covariates	5.877201e-02
e_asian	Apolipoprotein_A_adjstatins	snpnet	qt	Genotype_only	1.850284e-02
e_asian	Apolipoprotein_B	snpnet	qt	Covariates_only	1.459173e-01
e_asian	Apolipoprotein_B	snpnet	qt	Genotype_and_covariates	3.393385e-01
e_asian	Apolipoprotein_B	snpnet	qt	Genotype_only	3.021125e-01
e_asian	Apolipoprotein_B_adjstatins	snpnet	qt	Covariates_only	6.313742e-02
e_asian	Apolipoprotein_B_adjstatins	snpnet	qt	Genotype_and_covariates	1.262947e-01
e_asian	Apolipoprotein_B_adjstatins	snpnet	qt	Genotype_only	1.067474e-01
e_asian	Aspartate_aminotransferase	snpnet	qt	Covariates_only	1.453055e-01
e_asian	Aspartate_aminotransferase	snpnet	qt	Genotype_and_covariates	1.690867e-01
e_asian	Aspartate_aminotransferase	snpnet	qt	Genotype_only	9.413829e-02
e_asian	Aspartate_aminotransferase_adjstatins	snpnet	qt	Covariates_only	1.480375e-01
e_asian	Aspartate_aminotransferase_adjstatins	snpnet	qt	Genotype_and_covariates	1.683015e-01
e_asian	Aspartate_aminotransferase_adjstatins	snpnet	qt	Genotype_only	8.751728e-02
e_asian	Calcium	snpnet	qt	Covariates_only	2.242789e-01
e_asian	Calcium	snpnet	qt	Genotype_and_covariates	2.980459e-01
e_asian	Calcium	snpnet	qt	Genotype_only	1.981567e-01
e_asian	Calcium_adjstatins	snpnet	qt	Covariates_only	4.804265e-01
e_asian	Calcium_adjstatins	snpnet	qt	Genotype_and_covariates	3.854745e-01
e_asian	Calcium_adjstatins	snpnet	qt	Genotype_only	1.849610e-02
e_asian	Cholesterol	snpnet	qt	Covariates_only	2.064232e-01
e_asian	Cholesterol	snpnet	qt	Genotype_and_covariates	3.437176e-01
e_asian	Cholesterol	snpnet	qt	Genotype_only	2.636903e-01
e_asian	Cholesterol_adjstatins	snpnet	qt	Covariates_only	2.582915e-01
e_asian	Cholesterol_adjstatins	snpnet	qt	Genotype_and_covariates	4.078369e-01
e_asian	Cholesterol_adjstatins	snpnet	qt	Genotype_only	2.936529e-01
e_asian	Creatinine	snpnet	qt	Covariates_only	5.428222e-01
e_asian	Creatinine	snpnet	qt	Genotype_and_covariates	5.420137e-01
e_asian	Creatinine	snpnet	qt	Genotype_only	1.022261e-01
e_asian	Creatinine_adjstatins	snpnet	qt	Covariates_only	5.368751e-01
e_asian	Creatinine_adjstatins	snpnet	qt	Genotype_and_covariates	5.375768e-01
e_asian	Creatinine_adjstatins	snpnet	qt	Genotype_only	1.072005e-01
e_asian	Creatinine_in_urine	snpnet	qt	Covariates_only	3.660624e-01
e_asian	Creatinine_in_urine	snpnet	qt	Genotype_and_covariates	3.661162e-01
e_asian	Creatinine_in_urine	snpnet	qt	Genotype_only	3.969647e-02
e_asian	Cystatin_C	snpnet	qt	Covariates_only	4.780673e-01
e_asian	Cystatin_C	snpnet	qt	Genotype_and_covariates	4.941511e-01
e_asian	Cystatin_C	snpnet	qt	Genotype_only	1.696785e-01
e_asian	Cystatin_C_adjstatins	snpnet	qt	Covariates_only	4.639463e-01
e_asian	Cystatin_C_adjstatins	snpnet	qt	Genotype_and_covariates	4.811885e-01
e_asian	Cystatin_C_adjstatins	snpnet	qt	Genotype_only	1.706965e-01
e_asian	C_reactive_protein	snpnet	qt	Covariates_only	1.086134e-01
e_asian	C_reactive_protein	snpnet	qt	Genotype_and_covariates	1.644381e-01
e_asian	C_reactive_protein	snpnet	qt	Genotype_only	1.332305e-01
e_asian	C_reactive_protein_adjstatins	snpnet	qt	Covariates_only	1.067874e-01
e_asian	C_reactive_protein_adjstatins	snpnet	qt	Genotype_and_covariates	1.600620e-01
e_asian	C_reactive_protein_adjstatins	snpnet	qt	Genotype_only	1.285112e-01
e_asian	Direct_bilirubin	snpnet	qt	Covariates_only	2.142051e-01
e_asian	Direct_bilirubin	snpnet	qt	Genotype_and_covariates	3.460178e-01
e_asian	Direct_bilirubin	snpnet	qt	Genotype_only	2.696780e-01
e_asian	Direct_bilirubin_adjstatins	snpnet	qt	Covariates_only	2.097555e-01
e_asian	Direct_bilirubin_adjstatins	snpnet	qt	Genotype_and_covariates	2.936369e-01
e_asian	Direct_bilirubin_adjstatins	snpnet	qt	Genotype_only	2.122838e-01
e_asian	Fasting_glucose	snpnet	qt	Covariates_only	2.090024e-02
e_asian	Fasting_glucose	snpnet	qt	Genotype_and_covariates	1.991008e-02
e_asian	Fasting_glucose	snpnet	qt	Genotype_only	1.087096e-02
e_asian	Gamma_glutamyltransferase_adjstatins	snpnet	qt	Covariates_only	1.898866e-01
e_asian	Gamma_glutamyltransferase_adjstatins	snpnet	qt	Genotype_and_covariates	2.463258e-01
e_asian	Gamma_glutamyltransferase_adjstatins	snpnet	qt	Genotype_only	1.643937e-01
e_asian	Glucose	snpnet	qt	Covariates_only	2.078192e-01
e_asian	Glucose	snpnet	qt	Genotype_and_covariates	2.300502e-01
e_asian	Glucose	snpnet	qt	Genotype_only	8.064524e-02
e_asian	Glycated_haemoglobin_HbA1c	snpnet	qt	Covariates_only	3.352637e-01
e_asian	Glycated_haemoglobin_HbA1c	snpnet	qt	Genotype_and_covariates	3.936892e-01
e_asian	Glycated_haemoglobin_HbA1c	snpnet	qt	Genotype_only	2.185991e-01
e_asian	Glycated_haemoglobin_HbA1c_adjstatins	snpnet	qt	Covariates_only	1.602228e-01
e_asian	Glycated_haemoglobin_HbA1c_adjstatins	snpnet	qt	Genotype_and_covariates	1.805121e-01
e_asian	Glycated_haemoglobin_HbA1c_adjstatins	snpnet	qt	Genotype_only	9.156477e-02
e_asian	HDL_cholesterol	snpnet	qt	Covariates_only	4.270053e-01
e_asian	HDL_cholesterol	snpnet	qt	Genotype_and_covariates	5.302957e-01
e_asian	HDL_cholesterol	snpnet	qt	Genotype_only	3.217508e-01
e_asian	HDL_cholesterol_adjstatins	snpnet	qt	Covariates_only	9.295280e-02
e_asian	HDL_cholesterol_adjstatins	snpnet	qt	Genotype_and_covariates	1.075416e-01
e_asian	HDL_cholesterol_adjstatins	snpnet	qt	Genotype_only	5.722651e-02
e_asian	IGF_1	snpnet	qt	Covariates_only	3.388070e-01
e_asian	IGF_1	snpnet	qt	Genotype_and_covariates	4.088386e-01
e_asian	IGF_1	snpnet	qt	Genotype_only	2.554670e-01
e_asian	IGF_1_adjstatins	snpnet	qt	Covariates_only	3.105734e-01
e_asian	IGF_1_adjstatins	snpnet	qt	Genotype_and_covariates	3.783645e-01
e_asian	IGF_1_adjstatins	snpnet	qt	Genotype_only	2.392045e-01
e_asian	LDL_direct	snpnet	qt	Covariates_only	1.483038e-01
e_asian	LDL_direct	snpnet	qt	Genotype_and_covariates	2.810835e-01
e_asian	LDL_direct	snpnet	qt	Genotype_only	2.432942e-01
e_asian	LDL_direct_adjstatins	snpnet	qt	Covariates_only	1.943506e-01
e_asian	LDL_direct_adjstatins	snpnet	qt	Genotype_and_covariates	3.437826e-01
e_asian	LDL_direct_adjstatins	snpnet	qt	Genotype_only	2.751267e-01
e_asian	Lipoprotein_A_adjstatins	snpnet	qt	Covariates_only	4.402429e-02
e_asian	Lipoprotein_A_adjstatins	snpnet	qt	Genotype_and_covariates	2.000412e-01
e_asian	Lipoprotein_A_adjstatins	snpnet	qt	Genotype_only	1.963303e-01
e_asian	MicroalbuminNormal	snpnet	bin	Covariates_only	5.696349e-01
e_asian	MicroalbuminNormal	snpnet	bin	Genotype_and_covariates	5.772776e-01
e_asian	MicroalbuminNormal	snpnet	bin	Genotype_only	5.351348e-01
e_asian	Non_albumin_protein	snpnet	qt	Covariates_only	2.350589e-01
e_asian	Non_albumin_protein	snpnet	qt	Genotype_and_covariates	2.040405e-01
e_asian	Non_albumin_protein	snpnet	qt	Genotype_only	1.100083e-01
e_asian	Non_albumin_protein_adjstatins	snpnet	qt	Covariates_only	2.335598e-01
e_asian	Non_albumin_protein_adjstatins	snpnet	qt	Genotype_and_covariates	2.016426e-01
e_asian	Non_albumin_protein_adjstatins	snpnet	qt	Genotype_only	1.088772e-01
e_asian	OestradiolNormal	snpnet	bin	Covariates_only	8.670973e-01
e_asian	OestradiolNormal	snpnet	bin	Genotype_and_covariates	8.667167e-01
e_asian	OestradiolNormal	snpnet	bin	Genotype_only	5.186131e-01
e_asian	Phosphate	snpnet	qt	Covariates_only	3.843854e-01
e_asian	Phosphate	snpnet	qt	Genotype_and_covariates	4.338545e-01
e_asian	Phosphate	snpnet	qt	Genotype_only	1.996587e-01
e_asian	Phosphate_adjstatins	snpnet	qt	Covariates_only	2.186373e-01
e_asian	Phosphate_adjstatins	snpnet	qt	Genotype_and_covariates	1.932505e-01
e_asian	Phosphate_adjstatins	snpnet	qt	Genotype_only	2.923173e-03
e_asian	Potassium_in_urine	snpnet	qt	Covariates_only	1.381428e-01
e_asian	Potassium_in_urine	snpnet	qt	Genotype_and_covariates	1.313036e-01
e_asian	Potassium_in_urine	snpnet	qt	Genotype_only	1.077770e-03
e_asian	RheumatoidFactorNormal	snpnet	bin	Covariates_only	5.634776e-01
e_asian	RheumatoidFactorNormal	snpnet	bin	Genotype_and_covariates	5.688757e-01
e_asian	RheumatoidFactorNormal	snpnet	bin	Genotype_only	5.202759e-01
e_asian	SHBG	snpnet	qt	Covariates_only	3.660555e-01
e_asian	SHBG	snpnet	qt	Genotype_and_covariates	4.028051e-01
e_asian	SHBG	snpnet	qt	Genotype_only	1.651137e-01
e_asian	SHBG_adjstatins	snpnet	qt	Covariates_only	4.216336e-01
e_asian	SHBG_adjstatins	snpnet	qt	Genotype_and_covariates	4.745725e-01
e_asian	SHBG_adjstatins	snpnet	qt	Genotype_only	2.122915e-01
e_asian	Sodium_in_urine	snpnet	qt	Covariates_only	2.505243e-01
e_asian	Sodium_in_urine	snpnet	qt	Genotype_and_covariates	2.524293e-01
e_asian	Sodium_in_urine	snpnet	qt	Genotype_only	2.948298e-02
e_asian	Testosterone	snpnet	qt	Covariates_only	8.529849e-01
e_asian	Testosterone	snpnet	qt	Genotype_and_covariates	8.529984e-01
e_asian	Testosterone	snpnet	qt	Genotype_only	3.380538e-02
e_asian	Testosterone_adjstatins	snpnet	qt	Covariates_only	8.519356e-01
e_asian	Testosterone_adjstatins	snpnet	qt	Genotype_and_covariates	8.520001e-01
e_asian	Testosterone_adjstatins	snpnet	qt	Genotype_only	3.565374e-02
e_asian	Total_protein	snpnet	qt	Covariates_only	3.398602e-01
e_asian	Total_protein	snpnet	qt	Genotype_and_covariates	2.632771e-01
e_asian	Total_protein	snpnet	qt	Genotype_only	5.829375e-02
e_asian	Total_protein_adjstatins	snpnet	qt	Covariates_only	3.306009e-01
e_asian	Total_protein_adjstatins	snpnet	qt	Genotype_and_covariates	2.588690e-01
e_asian	Total_protein_adjstatins	snpnet	qt	Genotype_only	5.666872e-02
e_asian	Triglycerides	snpnet	qt	Covariates_only	2.642602e-01
e_asian	Triglycerides	snpnet	qt	Genotype_and_covariates	3.464750e-01
e_asian	Triglycerides	snpnet	qt	Genotype_only	2.293282e-01
e_asian	Triglycerides_adjstatins	snpnet	qt	Covariates_only	2.673381e-01
e_asian	Triglycerides_adjstatins	snpnet	qt	Genotype_and_covariates	3.518689e-01
e_asian	Triglycerides_adjstatins	snpnet	qt	Genotype_only	2.345095e-01
e_asian	UACRNormal	snpnet	bin	Covariates_only	5.175317e-01
e_asian	UACRNormal	snpnet	bin	Genotype_and_covariates	5.211429e-01
e_asian	UACRNormal	snpnet	bin	Genotype_only	5.115381e-01
e_asian	Urate	snpnet	qt	Covariates_only	5.220330e-01
e_asian	Urate	snpnet	qt	Genotype_and_covariates	5.669471e-01
e_asian	Urate	snpnet	qt	Genotype_only	2.225758e-01
e_asian	Urea	snpnet	qt	Covariates_only	3.051539e-01
e_asian	Urea	snpnet	qt	Genotype_and_covariates	3.254575e-01
e_asian	Urea	snpnet	qt	Genotype_only	1.241711e-01
e_asian	Urea_adjstatins	snpnet	qt	Covariates_only	2.930899e-01
e_asian	Urea_adjstatins	snpnet	qt	Genotype_and_covariates	3.139888e-01
e_asian	Urea_adjstatins	snpnet	qt	Genotype_only	1.236858e-01
e_asian	Vitamin_D	snpnet	qt	Covariates_only	2.532309e-01
e_asian	Vitamin_D	snpnet	qt	Genotype_and_covariates	2.752548e-01
e_asian	Vitamin_D	snpnet	qt	Genotype_only	1.001615e-01
e_asian	Vitamin_D_adjstatins	snpnet	qt	Covariates_only	2.446343e-01
e_asian	Vitamin_D_adjstatins	snpnet	qt	Genotype_and_covariates	2.701504e-01
e_asian	Vitamin_D_adjstatins	snpnet	qt	Genotype_only	1.049036e-01
e_asian	eGFR_adjstatins	snpnet	qt	Covariates_only	5.206034e-01
e_asian	eGFR_adjstatins	snpnet	qt	Genotype_and_covariates	5.326602e-01
e_asian	eGFR_adjstatins	snpnet	qt	Genotype_only	1.796408e-01
non_british_white	Alanine_aminotransferase	snpnet	qt	Covariates_only	3.013000e-01
non_british_white	Alanine_aminotransferase	snpnet	qt	Genotype_and_covariates	3.372037e-01
non_british_white	Alanine_aminotransferase	snpnet	qt	Genotype_only	1.488828e-01
non_british_white	Alanine_aminotransferase_adjstatins	snpnet	qt	Covariates_only	2.975355e-01
non_british_white	Alanine_aminotransferase_adjstatins	snpnet	qt	Genotype_and_covariates	3.321329e-01
non_british_white	Alanine_aminotransferase_adjstatins	snpnet	qt	Genotype_only	1.455284e-01
non_british_white	Albumin	snpnet	qt	Covariates_only	2.549105e-01
non_british_white	Albumin	snpnet	qt	Genotype_and_covariates	3.486237e-01
non_british_white	Albumin	snpnet	qt	Genotype_only	2.418817e-01
non_british_white	Albumin_adjstatins	snpnet	qt	Covariates_only	2.753425e-01
non_british_white	Albumin_adjstatins	snpnet	qt	Genotype_and_covariates	3.615223e-01
non_british_white	Albumin_adjstatins	snpnet	qt	Genotype_only	2.385672e-01
non_british_white	Alkaline_phosphatase	snpnet	qt	Covariates_only	2.734725e-01
non_british_white	Alkaline_phosphatase	snpnet	qt	Genotype_and_covariates	4.523634e-01
non_british_white	Alkaline_phosphatase	snpnet	qt	Genotype_only	3.654183e-01
non_british_white	Apolipoprotein_A	snpnet	qt	Covariates_only	4.281869e-01
non_british_white	Apolipoprotein_A	snpnet	qt	Genotype_and_covariates	5.488914e-01
non_british_white	Apolipoprotein_A	snpnet	qt	Genotype_only	3.448339e-01
non_british_white	Apolipoprotein_A_adjstatins	snpnet	qt	Covariates_only	4.289776e-01
non_british_white	Apolipoprotein_A_adjstatins	snpnet	qt	Genotype_and_covariates	5.479187e-01
non_british_white	Apolipoprotein_A_adjstatins	snpnet	qt	Genotype_only	3.430232e-01
non_british_white	Apolipoprotein_B	snpnet	qt	Covariates_only	2.001417e-01
non_british_white	Apolipoprotein_B	snpnet	qt	Genotype_and_covariates	4.155220e-01
non_british_white	Apolipoprotein_B	snpnet	qt	Genotype_only	3.636795e-01
non_british_white	Apolipoprotein_B_adjstatins	snpnet	qt	Covariates_only	7.490207e-02
non_british_white	Apolipoprotein_B_adjstatins	snpnet	qt	Genotype_and_covariates	1.780246e-01
non_british_white	Apolipoprotein_B_adjstatins	snpnet	qt	Genotype_only	1.623094e-01
non_british_white	Aspartate_aminotransferase	snpnet	qt	Covariates_only	2.093088e-01
non_british_white	Aspartate_aminotransferase	snpnet	qt	Genotype_and_covariates	2.513387e-01
non_british_white	Aspartate_aminotransferase	snpnet	qt	Genotype_only	1.358183e-01
non_british_white	Aspartate_aminotransferase_adjstatins	snpnet	qt	Covariates_only	2.012201e-01
non_british_white	Aspartate_aminotransferase_adjstatins	snpnet	qt	Genotype_and_covariates	2.446260e-01
non_british_white	Aspartate_aminotransferase_adjstatins	snpnet	qt	Genotype_only	1.362915e-01
non_british_white	Calcium	snpnet	qt	Covariates_only	2.085531e-01
non_british_white	Calcium	snpnet	qt	Genotype_and_covariates	3.172890e-01
non_british_white	Calcium	snpnet	qt	Genotype_only	2.371892e-01
non_british_white	Calcium_adjstatins	snpnet	qt	Covariates_only	2.143154e-01
non_british_white	Calcium_adjstatins	snpnet	qt	Genotype_and_covariates	3.178142e-01
non_british_white	Calcium_adjstatins	snpnet	qt	Genotype_only	2.332156e-01
non_british_white	Cholesterol	snpnet	qt	Covariates_only	2.749075e-01
non_british_white	Cholesterol	snpnet	qt	Genotype_and_covariates	4.059039e-01
non_british_white	Cholesterol	snpnet	qt	Genotype_only	3.030378e-01
non_british_white	Cholesterol_adjstatins	snpnet	qt	Covariates_only	2.956529e-01
non_british_white	Cholesterol_adjstatins	snpnet	qt	Genotype_and_covariates	4.882724e-01
non_british_white	Cholesterol_adjstatins	snpnet	qt	Genotype_only	3.895494e-01
non_british_white	Creatinine	snpnet	qt	Covariates_only	4.809571e-01
non_british_white	Creatinine	snpnet	qt	Genotype_and_covariates	5.099176e-01
non_british_white	Creatinine	snpnet	qt	Genotype_only	1.711770e-01
non_british_white	Creatinine_adjstatins	snpnet	qt	Covariates_only	4.723990e-01
non_british_white	Creatinine_adjstatins	snpnet	qt	Genotype_and_covariates	5.025638e-01
non_british_white	Creatinine_adjstatins	snpnet	qt	Genotype_only	1.739789e-01
non_british_white	Creatinine_in_urine	snpnet	qt	Covariates_only	3.700444e-01
non_british_white	Creatinine_in_urine	snpnet	qt	Genotype_and_covariates	3.743884e-01
non_british_white	Creatinine_in_urine	snpnet	qt	Genotype_only	6.045700e-02
non_british_white	Cystatin_C	snpnet	qt	Covariates_only	3.702553e-01
non_british_white	Cystatin_C	snpnet	qt	Genotype_and_covariates	4.558948e-01
non_british_white	Cystatin_C	snpnet	qt	Genotype_only	2.674358e-01
non_british_white	Cystatin_C_adjstatins	snpnet	qt	Covariates_only	3.569151e-01
non_british_white	Cystatin_C_adjstatins	snpnet	qt	Genotype_and_covariates	4.468511e-01
non_british_white	Cystatin_C_adjstatins	snpnet	qt	Genotype_only	2.702431e-01
non_british_white	C_reactive_protein	snpnet	qt	Covariates_only	1.122020e-01
non_british_white	C_reactive_protein	snpnet	qt	Genotype_and_covariates	1.811040e-01
non_british_white	C_reactive_protein	snpnet	qt	Genotype_only	1.449796e-01
non_british_white	C_reactive_protein_adjstatins	snpnet	qt	Covariates_only	1.019887e-01
non_british_white	C_reactive_protein_adjstatins	snpnet	qt	Genotype_and_covariates	1.742263e-01
non_british_white	C_reactive_protein_adjstatins	snpnet	qt	Genotype_only	1.444725e-01
non_british_white	Direct_bilirubin	snpnet	qt	Covariates_only	2.396594e-01
non_british_white	Direct_bilirubin	snpnet	qt	Genotype_and_covariates	5.315124e-01
non_british_white	Direct_bilirubin	snpnet	qt	Genotype_only	4.626081e-01
non_british_white	Direct_bilirubin_adjstatins	snpnet	qt	Covariates_only	2.354387e-01
non_british_white	Direct_bilirubin_adjstatins	snpnet	qt	Genotype_and_covariates	5.383595e-01
non_british_white	Direct_bilirubin_adjstatins	snpnet	qt	Genotype_only	4.724543e-01
non_british_white	Fasting_glucose	snpnet	qt	Covariates_only	4.612851e-01
non_british_white	Fasting_glucose	snpnet	qt	Genotype_and_covariates	4.569384e-01
non_british_white	Fasting_glucose	snpnet	qt	Genotype_only	3.133321e-03
non_british_white	Gamma_glutamyltransferase_adjstatins	snpnet	qt	Covariates_only	2.268806e-01
non_british_white	Gamma_glutamyltransferase_adjstatins	snpnet	qt	Genotype_and_covariates	2.802055e-01
non_british_white	Gamma_glutamyltransferase_adjstatins	snpnet	qt	Genotype_only	1.617512e-01
non_british_white	Glucose	snpnet	qt	Covariates_only	1.354539e-01
non_british_white	Glucose	snpnet	qt	Genotype_and_covariates	1.680815e-01
non_british_white	Glucose	snpnet	qt	Genotype_only	1.045032e-01
non_british_white	Glycated_haemoglobin_HbA1c	snpnet	qt	Covariates_only	2.369611e-01
non_british_white	Glycated_haemoglobin_HbA1c	snpnet	qt	Genotype_and_covariates	3.298242e-01
non_british_white	Glycated_haemoglobin_HbA1c	snpnet	qt	Genotype_only	2.240675e-01
non_british_white	Glycated_haemoglobin_HbA1c_adjstatins	snpnet	qt	Covariates_only	2.178336e-01
non_british_white	Glycated_haemoglobin_HbA1c_adjstatins	snpnet	qt	Genotype_and_covariates	3.192248e-01
non_british_white	Glycated_haemoglobin_HbA1c_adjstatins	snpnet	qt	Genotype_only	2.288453e-01
non_british_white	HDL_cholesterol	snpnet	qt	Covariates_only	4.454943e-01
non_british_white	HDL_cholesterol	snpnet	qt	Genotype_and_covariates	5.780567e-01
non_british_white	HDL_cholesterol	snpnet	qt	Genotype_only	3.703085e-01
non_british_white	HDL_cholesterol_adjstatins	snpnet	qt	Covariates_only	6.659270e-02
non_british_white	HDL_cholesterol_adjstatins	snpnet	qt	Genotype_and_covariates	7.670291e-02
non_british_white	HDL_cholesterol_adjstatins	snpnet	qt	Genotype_only	4.068612e-02
non_british_white	IGF_1	snpnet	qt	Covariates_only	3.229864e-01
non_british_white	IGF_1	snpnet	qt	Genotype_and_covariates	4.633736e-01
non_british_white	IGF_1	snpnet	qt	Genotype_only	3.353989e-01
non_british_white	IGF_1_adjstatins	snpnet	qt	Covariates_only	3.230545e-01
non_british_white	IGF_1_adjstatins	snpnet	qt	Genotype_and_covariates	4.634215e-01
non_british_white	IGF_1_adjstatins	snpnet	qt	Genotype_only	3.354186e-01
non_british_white	LDL_direct	snpnet	qt	Covariates_only	2.217120e-01
non_british_white	LDL_direct	snpnet	qt	Genotype_and_covariates	3.849586e-01
non_british_white	LDL_direct	snpnet	qt	Genotype_only	3.171528e-01
non_british_white	LDL_direct_adjstatins	snpnet	qt	Covariates_only	2.605621e-01
non_british_white	LDL_direct_adjstatins	snpnet	qt	Genotype_and_covariates	4.897898e-01
non_british_white	LDL_direct_adjstatins	snpnet	qt	Genotype_only	4.124374e-01
non_british_white	Lipoprotein_A_adjstatins	snpnet	qt	Covariates_only	1.556145e-02
non_british_white	Lipoprotein_A_adjstatins	snpnet	qt	Genotype_and_covariates	7.235626e-01
non_british_white	Lipoprotein_A_adjstatins	snpnet	qt	Genotype_only	7.222418e-01
non_british_white	MicroalbuminNormal	snpnet	bin	Covariates_only	6.121317e-01
non_british_white	MicroalbuminNormal	snpnet	bin	Genotype_and_covariates	6.217928e-01
non_british_white	MicroalbuminNormal	snpnet	bin	Genotype_only	5.436657e-01
non_british_white	Non_albumin_protein	snpnet	qt	Covariates_only	2.006797e-01
non_british_white	Non_albumin_protein	snpnet	qt	Genotype_and_covariates	1.830745e-01
non_british_white	Non_albumin_protein	snpnet	qt	Genotype_only	9.816257e-02
non_british_white	Non_albumin_protein_adjstatins	snpnet	qt	Covariates_only	9.455342e-02
non_british_white	Non_albumin_protein_adjstatins	snpnet	qt	Genotype_and_covariates	3.236137e-01
non_british_white	Non_albumin_protein_adjstatins	snpnet	qt	Genotype_only	3.099366e-01
non_british_white	OestradiolNormal	snpnet	bin	Covariates_only	8.683962e-01
non_british_white	OestradiolNormal	snpnet	bin	Genotype_and_covariates	8.699385e-01
non_british_white	OestradiolNormal	snpnet	bin	Genotype_only	5.206310e-01
non_british_white	Phosphate	snpnet	qt	Covariates_only	3.893679e-01
non_british_white	Phosphate	snpnet	qt	Genotype_and_covariates	4.519840e-01
non_british_white	Phosphate	snpnet	qt	Genotype_only	2.302536e-01
non_british_white	Phosphate_adjstatins	snpnet	qt	Covariates_only	3.956788e-01
non_british_white	Phosphate_adjstatins	snpnet	qt	Genotype_and_covariates	4.558173e-01
non_british_white	Phosphate_adjstatins	snpnet	qt	Genotype_only	2.238145e-01
non_british_white	Potassium_in_urine	snpnet	qt	Covariates_only	1.912291e-01
non_british_white	Potassium_in_urine	snpnet	qt	Genotype_and_covariates	1.910028e-01
non_british_white	Potassium_in_urine	snpnet	qt	Genotype_only	2.647394e-02
non_british_white	RheumatoidFactorNormal	snpnet	bin	Covariates_only	5.531224e-01
non_british_white	RheumatoidFactorNormal	snpnet	bin	Genotype_and_covariates	5.888938e-01
non_british_white	RheumatoidFactorNormal	snpnet	bin	Genotype_only	5.839826e-01
non_british_white	SHBG	snpnet	qt	Covariates_only	4.477090e-01
non_british_white	SHBG	snpnet	qt	Genotype_and_covariates	5.328708e-01
non_british_white	SHBG	snpnet	qt	Genotype_only	2.908013e-01
non_british_white	SHBG_adjstatins	snpnet	qt	Covariates_only	4.508353e-01
non_british_white	SHBG_adjstatins	snpnet	qt	Genotype_and_covariates	5.336597e-01
non_british_white	SHBG_adjstatins	snpnet	qt	Genotype_only	2.897916e-01
non_british_white	Sodium_in_urine	snpnet	qt	Covariates_only	2.956403e-01
non_british_white	Sodium_in_urine	snpnet	qt	Genotype_and_covariates	3.062693e-01
non_british_white	Sodium_in_urine	snpnet	qt	Genotype_only	8.037451e-02
non_british_white	Testosterone	snpnet	qt	Covariates_only	9.068068e-01
non_british_white	Testosterone	snpnet	qt	Genotype_and_covariates	9.114349e-01
non_british_white	Testosterone	snpnet	qt	Genotype_only	8.464960e-02
non_british_white	Testosterone_adjstatins	snpnet	qt	Covariates_only	9.055863e-01
non_british_white	Testosterone_adjstatins	snpnet	qt	Genotype_and_covariates	9.102155e-01
non_british_white	Testosterone_adjstatins	snpnet	qt	Genotype_only	8.457688e-02
non_british_white	Total_protein	snpnet	qt	Covariates_only	1.453885e-01
non_british_white	Total_protein	snpnet	qt	Genotype_and_covariates	3.041949e-01
non_british_white	Total_protein	snpnet	qt	Genotype_only	2.708866e-01
non_british_white	Total_protein_adjstatins	snpnet	qt	Covariates_only	3.440513e-01
non_british_white	Total_protein_adjstatins	snpnet	qt	Genotype_and_covariates	2.510608e-01
non_british_white	Total_protein_adjstatins	snpnet	qt	Genotype_only	3.596415e-02
non_british_white	Triglycerides	snpnet	qt	Covariates_only	3.009994e-01
non_british_white	Triglycerides	snpnet	qt	Genotype_and_covariates	4.209575e-01
non_british_white	Triglycerides	snpnet	qt	Genotype_only	2.924767e-01
non_british_white	Triglycerides_adjstatins	snpnet	qt	Covariates_only	2.825593e-01
non_british_white	Triglycerides_adjstatins	snpnet	qt	Genotype_and_covariates	3.963792e-01
non_british_white	Triglycerides_adjstatins	snpnet	qt	Genotype_only	2.761447e-01
non_british_white	UACRNormal	snpnet	bin	Covariates_only	6.044389e-01
non_british_white	UACRNormal	snpnet	bin	Genotype_and_covariates	6.090636e-01
non_british_white	UACRNormal	snpnet	bin	Genotype_only	5.376800e-01
non_british_white	Urate	snpnet	qt	Covariates_only	5.609210e-01
non_british_white	Urate	snpnet	qt	Genotype_and_covariates	6.306971e-01
non_british_white	Urate	snpnet	qt	Genotype_only	2.905545e-01
non_british_white	Urea	snpnet	qt	Covariates_only	3.141287e-01
non_british_white	Urea	snpnet	qt	Genotype_and_covariates	3.594942e-01
non_british_white	Urea	snpnet	qt	Genotype_only	1.740565e-01
non_british_white	Urea_adjstatins	snpnet	qt	Covariates_only	2.812330e-01
non_british_white	Urea_adjstatins	snpnet	qt	Genotype_and_covariates	3.283472e-01
non_british_white	Urea_adjstatins	snpnet	qt	Genotype_only	1.692779e-01
non_british_white	Vitamin_D	snpnet	qt	Covariates_only	3.443707e-01
non_british_white	Vitamin_D	snpnet	qt	Genotype_and_covariates	3.928490e-01
non_british_white	Vitamin_D	snpnet	qt	Genotype_only	1.969428e-01
non_british_white	Vitamin_D_adjstatins	snpnet	qt	Covariates_only	3.857338e-01
non_british_white	Vitamin_D_adjstatins	snpnet	qt	Genotype_and_covariates	4.412535e-01
non_british_white	Vitamin_D_adjstatins	snpnet	qt	Genotype_only	2.209282e-01
non_british_white	eGFR_adjstatins	snpnet	qt	Covariates_only	4.872881e-01
non_british_white	eGFR_adjstatins	snpnet	qt	Genotype_and_covariates	5.457805e-01
non_british_white	eGFR_adjstatins	snpnet	qt	Genotype_only	2.479620e-01
s_asian	Alanine_aminotransferase	snpnet	qt	Covariates_only	2.921517e-01
s_asian	Alanine_aminotransferase	snpnet	qt	Genotype_and_covariates	3.309775e-01
s_asian	Alanine_aminotransferase	snpnet	qt	Genotype_only	1.591835e-01
s_asian	Alanine_aminotransferase_adjstatins	snpnet	qt	Covariates_only	2.921198e-01
s_asian	Alanine_aminotransferase_adjstatins	snpnet	qt	Genotype_and_covariates	3.300513e-01
s_asian	Alanine_aminotransferase_adjstatins	snpnet	qt	Genotype_only	1.575524e-01
s_asian	Albumin	snpnet	qt	Covariates_only	2.776194e-01
s_asian	Albumin	snpnet	qt	Genotype_and_covariates	3.507350e-01
s_asian	Albumin	snpnet	qt	Genotype_only	2.130485e-01
s_asian	Albumin_adjstatins	snpnet	qt	Covariates_only	2.907375e-01
s_asian	Albumin_adjstatins	snpnet	qt	Genotype_and_covariates	3.583035e-01
s_asian	Albumin_adjstatins	snpnet	qt	Genotype_only	2.073177e-01
s_asian	Alkaline_phosphatase	snpnet	qt	Covariates_only	1.995362e-01
s_asian	Alkaline_phosphatase	snpnet	qt	Genotype_and_covariates	4.258811e-01
s_asian	Alkaline_phosphatase	snpnet	qt	Genotype_only	3.841749e-01
s_asian	Apolipoprotein_A	snpnet	qt	Covariates_only	4.171406e-01
s_asian	Apolipoprotein_A	snpnet	qt	Genotype_and_covariates	5.232883e-01
s_asian	Apolipoprotein_A	snpnet	qt	Genotype_only	3.254388e-01
s_asian	Apolipoprotein_A_adjstatins	snpnet	qt	Covariates_only	4.214962e-01
s_asian	Apolipoprotein_A_adjstatins	snpnet	qt	Genotype_and_covariates	5.229377e-01
s_asian	Apolipoprotein_A_adjstatins	snpnet	qt	Genotype_only	3.189302e-01
s_asian	Apolipoprotein_B	snpnet	qt	Covariates_only	1.693180e-01
s_asian	Apolipoprotein_B	snpnet	qt	Genotype_and_covariates	2.994312e-01
s_asian	Apolipoprotein_B	snpnet	qt	Genotype_only	2.456874e-01
s_asian	Apolipoprotein_B_adjstatins	snpnet	qt	Covariates_only	1.971222e-01
s_asian	Apolipoprotein_B_adjstatins	snpnet	qt	Genotype_and_covariates	3.908028e-01
s_asian	Apolipoprotein_B_adjstatins	snpnet	qt	Genotype_only	3.358147e-01
s_asian	Aspartate_aminotransferase	snpnet	qt	Covariates_only	1.605965e-01
s_asian	Aspartate_aminotransferase	snpnet	qt	Genotype_and_covariates	2.040663e-01
s_asian	Aspartate_aminotransferase	snpnet	qt	Genotype_only	1.319388e-01
s_asian	Aspartate_aminotransferase_adjstatins	snpnet	qt	Covariates_only	1.493496e-01
s_asian	Aspartate_aminotransferase_adjstatins	snpnet	qt	Genotype_and_covariates	1.916245e-01
s_asian	Aspartate_aminotransferase_adjstatins	snpnet	qt	Genotype_only	1.275357e-01
s_asian	Calcium	snpnet	qt	Covariates_only	2.090695e-01
s_asian	Calcium	snpnet	qt	Genotype_and_covariates	2.827750e-01
s_asian	Calcium	snpnet	qt	Genotype_only	1.967924e-01
s_asian	Calcium_adjstatins	snpnet	qt	Covariates_only	2.083099e-01
s_asian	Calcium_adjstatins	snpnet	qt	Genotype_and_covariates	2.801159e-01
s_asian	Calcium_adjstatins	snpnet	qt	Genotype_only	1.953192e-01
s_asian	Cholesterol	snpnet	qt	Covariates_only	1.815982e-01
s_asian	Cholesterol	snpnet	qt	Genotype_and_covariates	2.625277e-01
s_asian	Cholesterol	snpnet	qt	Genotype_only	1.949576e-01
s_asian	Cholesterol_adjstatins	snpnet	qt	Covariates_only	1.870605e-01
s_asian	Cholesterol_adjstatins	snpnet	qt	Genotype_and_covariates	3.368990e-01
s_asian	Cholesterol_adjstatins	snpnet	qt	Genotype_only	2.862946e-01
s_asian	Creatinine	snpnet	qt	Covariates_only	4.022984e-01
s_asian	Creatinine	snpnet	qt	Genotype_and_covariates	4.165622e-01
s_asian	Creatinine	snpnet	qt	Genotype_only	1.153110e-01
s_asian	Creatinine_adjstatins	snpnet	qt	Covariates_only	3.944488e-01
s_asian	Creatinine_adjstatins	snpnet	qt	Genotype_and_covariates	4.101404e-01
s_asian	Creatinine_adjstatins	snpnet	qt	Genotype_only	1.189978e-01
s_asian	Creatinine_in_urine	snpnet	qt	Covariates_only	3.486507e-01
s_asian	Creatinine_in_urine	snpnet	qt	Genotype_and_covariates	3.477116e-01
s_asian	Creatinine_in_urine	snpnet	qt	Genotype_only	2.991264e-02
s_asian	Cystatin_C	snpnet	qt	Covariates_only	3.429488e-01
s_asian	Cystatin_C	snpnet	qt	Genotype_and_covariates	3.776756e-01
s_asian	Cystatin_C	snpnet	qt	Genotype_only	1.662763e-01
s_asian	Cystatin_C_adjstatins	snpnet	qt	Covariates_only	3.303442e-01
s_asian	Cystatin_C_adjstatins	snpnet	qt	Genotype_and_covariates	3.683780e-01
s_asian	Cystatin_C_adjstatins	snpnet	qt	Genotype_only	1.708535e-01
s_asian	C_reactive_protein	snpnet	qt	Covariates_only	9.214737e-02
s_asian	C_reactive_protein	snpnet	qt	Genotype_and_covariates	1.814121e-01
s_asian	C_reactive_protein	snpnet	qt	Genotype_only	1.879207e-01
s_asian	C_reactive_protein_adjstatins	snpnet	qt	Covariates_only	8.851589e-02
s_asian	C_reactive_protein_adjstatins	snpnet	qt	Genotype_and_covariates	1.766477e-01
s_asian	C_reactive_protein_adjstatins	snpnet	qt	Genotype_only	1.860043e-01
s_asian	Direct_bilirubin	snpnet	qt	Covariates_only	2.272871e-01
s_asian	Direct_bilirubin	snpnet	qt	Genotype_and_covariates	4.586992e-01
s_asian	Direct_bilirubin	snpnet	qt	Genotype_only	3.856791e-01
s_asian	Direct_bilirubin_adjstatins	snpnet	qt	Covariates_only	2.087110e-01
s_asian	Direct_bilirubin_adjstatins	snpnet	qt	Genotype_and_covariates	4.479028e-01
s_asian	Direct_bilirubin_adjstatins	snpnet	qt	Genotype_only	3.862235e-01
s_asian	Fasting_glucose	snpnet	qt	Covariates_only	2.867757e-01
s_asian	Fasting_glucose	snpnet	qt	Genotype_and_covariates	2.921204e-01
s_asian	Fasting_glucose	snpnet	qt	Genotype_only	6.389039e-02
s_asian	Gamma_glutamyltransferase_adjstatins	snpnet	qt	Covariates_only	1.771148e-01
s_asian	Gamma_glutamyltransferase_adjstatins	snpnet	qt	Genotype_and_covariates	2.355429e-01
s_asian	Gamma_glutamyltransferase_adjstatins	snpnet	qt	Genotype_only	1.563912e-01
s_asian	Glucose	snpnet	qt	Covariates_only	1.603335e-01
s_asian	Glucose	snpnet	qt	Genotype_and_covariates	1.799495e-01
s_asian	Glucose	snpnet	qt	Genotype_only	8.492130e-02
s_asian	Glycated_haemoglobin_HbA1c	snpnet	qt	Covariates_only	2.596418e-01
s_asian	Glycated_haemoglobin_HbA1c	snpnet	qt	Genotype_and_covariates	3.170935e-01
s_asian	Glycated_haemoglobin_HbA1c	snpnet	qt	Genotype_only	1.995178e-01
s_asian	Glycated_haemoglobin_HbA1c_adjstatins	snpnet	qt	Covariates_only	2.460026e-01
s_asian	Glycated_haemoglobin_HbA1c_adjstatins	snpnet	qt	Genotype_and_covariates	3.065266e-01
s_asian	Glycated_haemoglobin_HbA1c_adjstatins	snpnet	qt	Genotype_only	1.966392e-01
s_asian	HDL_cholesterol	snpnet	qt	Covariates_only	3.984541e-01
s_asian	HDL_cholesterol	snpnet	qt	Genotype_and_covariates	5.160859e-01
s_asian	HDL_cholesterol	snpnet	qt	Genotype_only	3.345958e-01
s_asian	HDL_cholesterol_adjstatins	snpnet	qt	Covariates_only	3.999016e-01
s_asian	HDL_cholesterol_adjstatins	snpnet	qt	Genotype_and_covariates	5.141602e-01
s_asian	HDL_cholesterol_adjstatins	snpnet	qt	Genotype_only	3.304297e-01
s_asian	IGF_1	snpnet	qt	Covariates_only	3.076005e-01
s_asian	IGF_1	snpnet	qt	Genotype_and_covariates	4.206131e-01
s_asian	IGF_1	snpnet	qt	Genotype_only	2.820909e-01
s_asian	IGF_1_adjstatins	snpnet	qt	Covariates_only	3.076818e-01
s_asian	IGF_1_adjstatins	snpnet	qt	Genotype_and_covariates	4.206809e-01
s_asian	IGF_1_adjstatins	snpnet	qt	Genotype_only	2.820863e-01
s_asian	LDL_direct	snpnet	qt	Covariates_only	1.726264e-01
s_asian	LDL_direct	snpnet	qt	Genotype_and_covariates	2.671774e-01
s_asian	LDL_direct	snpnet	qt	Genotype_only	2.061892e-01
s_asian	LDL_direct_adjstatins	snpnet	qt	Covariates_only	1.853285e-01
s_asian	LDL_direct_adjstatins	snpnet	qt	Genotype_and_covariates	3.451665e-01
s_asian	LDL_direct_adjstatins	snpnet	qt	Genotype_only	2.930208e-01
s_asian	Lipoprotein_A_adjstatins	snpnet	qt	Covariates_only	7.196519e-02
s_asian	Lipoprotein_A_adjstatins	snpnet	qt	Genotype_and_covariates	3.721481e-01
s_asian	Lipoprotein_A_adjstatins	snpnet	qt	Genotype_only	3.660917e-01
s_asian	MicroalbuminNormal	snpnet	bin	Covariates_only	5.742380e-01
s_asian	MicroalbuminNormal	snpnet	bin	Genotype_and_covariates	5.861960e-01
s_asian	MicroalbuminNormal	snpnet	bin	Genotype_only	5.554725e-01
s_asian	Non_albumin_protein	snpnet	qt	Covariates_only	1.446865e-01
s_asian	Non_albumin_protein	snpnet	qt	Genotype_and_covariates	3.194365e-01
s_asian	Non_albumin_protein	snpnet	qt	Genotype_only	2.783905e-01
s_asian	Non_albumin_protein_adjstatins	snpnet	qt	Covariates_only	1.478622e-01
s_asian	Non_albumin_protein_adjstatins	snpnet	qt	Genotype_and_covariates	3.197335e-01
s_asian	Non_albumin_protein_adjstatins	snpnet	qt	Genotype_only	2.772232e-01
s_asian	OestradiolNormal	snpnet	bin	Covariates_only	8.578282e-01
s_asian	OestradiolNormal	snpnet	bin	Genotype_and_covariates	8.577820e-01
s_asian	OestradiolNormal	snpnet	bin	Genotype_only	5.074352e-01
s_asian	Phosphate	snpnet	qt	Covariates_only	3.803150e-01
s_asian	Phosphate	snpnet	qt	Genotype_and_covariates	4.323168e-01
s_asian	Phosphate	snpnet	qt	Genotype_only	2.075856e-01
s_asian	Phosphate_adjstatins	snpnet	qt	Covariates_only	3.831909e-01
s_asian	Phosphate_adjstatins	snpnet	qt	Genotype_and_covariates	4.326105e-01
s_asian	Phosphate_adjstatins	snpnet	qt	Genotype_only	2.038608e-01
s_asian	Potassium_in_urine	snpnet	qt	Covariates_only	1.621878e-01
s_asian	Potassium_in_urine	snpnet	qt	Genotype_and_covariates	1.668056e-01
s_asian	Potassium_in_urine	snpnet	qt	Genotype_only	4.005095e-02
s_asian	RheumatoidFactorNormal	snpnet	bin	Covariates_only	5.578539e-01
s_asian	RheumatoidFactorNormal	snpnet	bin	Genotype_and_covariates	5.713259e-01
s_asian	RheumatoidFactorNormal	snpnet	bin	Genotype_only	5.449688e-01
s_asian	SHBG	snpnet	qt	Covariates_only	4.031967e-01
s_asian	SHBG	snpnet	qt	Genotype_and_covariates	4.679299e-01
s_asian	SHBG	snpnet	qt	Genotype_only	2.411899e-01
s_asian	SHBG_adjstatins	snpnet	qt	Covariates_only	4.076100e-01
s_asian	SHBG_adjstatins	snpnet	qt	Genotype_and_covariates	4.712450e-01
s_asian	SHBG_adjstatins	snpnet	qt	Genotype_only	2.487907e-01
s_asian	Sodium_in_urine	snpnet	qt	Covariates_only	2.379394e-01
s_asian	Sodium_in_urine	snpnet	qt	Genotype_and_covariates	2.430379e-01
s_asian	Sodium_in_urine	snpnet	qt	Genotype_only	4.596703e-02
s_asian	Testosterone	snpnet	qt	Covariates_only	8.848844e-01
s_asian	Testosterone	snpnet	qt	Genotype_and_covariates	8.906103e-01
s_asian	Testosterone	snpnet	qt	Genotype_only	1.017135e-01
s_asian	Testosterone_adjstatins	snpnet	qt	Covariates_only	8.830081e-01
s_asian	Testosterone_adjstatins	snpnet	qt	Genotype_and_covariates	8.887436e-01
s_asian	Testosterone_adjstatins	snpnet	qt	Genotype_only	9.982931e-02
s_asian	Total_protein	snpnet	qt	Covariates_only	1.502434e-01
s_asian	Total_protein	snpnet	qt	Genotype_and_covariates	2.810021e-01
s_asian	Total_protein	snpnet	qt	Genotype_only	2.400366e-01
s_asian	Total_protein_adjstatins	snpnet	qt	Covariates_only	1.621485e-01
s_asian	Total_protein_adjstatins	snpnet	qt	Genotype_and_covariates	2.850446e-01
s_asian	Total_protein_adjstatins	snpnet	qt	Genotype_only	2.359408e-01
s_asian	Triglycerides	snpnet	qt	Covariates_only	2.306850e-01
s_asian	Triglycerides	snpnet	qt	Genotype_and_covariates	3.837620e-01
s_asian	Triglycerides	snpnet	qt	Genotype_only	3.104149e-01
s_asian	Triglycerides_adjstatins	snpnet	qt	Covariates_only	2.344033e-01
s_asian	Triglycerides_adjstatins	snpnet	qt	Genotype_and_covariates	3.895288e-01
s_asian	Triglycerides_adjstatins	snpnet	qt	Genotype_only	3.146415e-01
s_asian	UACRNormal	snpnet	bin	Covariates_only	5.650390e-01
s_asian	UACRNormal	snpnet	bin	Genotype_and_covariates	5.656987e-01
s_asian	UACRNormal	snpnet	bin	Genotype_only	5.158856e-01
s_asian	Urate	snpnet	qt	Covariates_only	4.843134e-01
s_asian	Urate	snpnet	qt	Genotype_and_covariates	5.556555e-01
s_asian	Urate	snpnet	qt	Genotype_only	2.699577e-01
s_asian	Urea	snpnet	qt	Covariates_only	2.946019e-01
s_asian	Urea	snpnet	qt	Genotype_and_covariates	3.221160e-01
s_asian	Urea	snpnet	qt	Genotype_only	1.301414e-01
s_asian	Urea_adjstatins	snpnet	qt	Covariates_only	2.761844e-01
s_asian	Urea_adjstatins	snpnet	qt	Genotype_and_covariates	3.063283e-01
s_asian	Urea_adjstatins	snpnet	qt	Genotype_only	1.337546e-01
s_asian	Vitamin_D	snpnet	qt	Covariates_only	2.247022e-01
s_asian	Vitamin_D	snpnet	qt	Genotype_and_covariates	2.556899e-01
s_asian	Vitamin_D	snpnet	qt	Genotype_only	1.301817e-01
s_asian	Vitamin_D_adjstatins	snpnet	qt	Covariates_only	2.159111e-01
s_asian	Vitamin_D_adjstatins	snpnet	qt	Genotype_and_covariates	2.515137e-01
s_asian	Vitamin_D_adjstatins	snpnet	qt	Genotype_only	1.367207e-01
s_asian	eGFR_adjstatins	snpnet	qt	Covariates_only	4.761323e-01
s_asian	eGFR_adjstatins	snpnet	qt	Genotype_and_covariates	5.171057e-01
s_asian	eGFR_adjstatins	snpnet	qt	Genotype_only	2.223406e-01
white_british	Alanine_aminotransferase	snpnet	qt	Covariates_only	3.030210e-01
white_british	Alanine_aminotransferase	snpnet	qt	Genotype_and_covariates	3.436042e-01
white_british	Alanine_aminotransferase	snpnet	qt	Genotype_only	1.614437e-01
white_british	Alanine_aminotransferase_adjstatins	snpnet	qt	Covariates_only	3.024410e-01
white_british	Alanine_aminotransferase_adjstatins	snpnet	qt	Genotype_and_covariates	3.426311e-01
white_british	Alanine_aminotransferase_adjstatins	snpnet	qt	Genotype_only	1.605126e-01
white_british	Albumin	snpnet	qt	Covariates_only	2.534458e-01
white_british	Albumin	snpnet	qt	Genotype_and_covariates	3.525655e-01
white_british	Albumin	snpnet	qt	Genotype_only	2.459161e-01
white_british	Albumin_adjstatins	snpnet	qt	Covariates_only	2.740213e-01
white_british	Albumin_adjstatins	snpnet	qt	Genotype_and_covariates	3.646129e-01
white_british	Albumin_adjstatins	snpnet	qt	Genotype_only	2.412284e-01
white_british	Alkaline_phosphatase	snpnet	qt	Covariates_only	2.209971e-01
white_british	Alkaline_phosphatase	snpnet	qt	Genotype_and_covariates	4.227471e-01
white_british	Alkaline_phosphatase	snpnet	qt	Genotype_only	3.612226e-01
white_british	Apolipoprotein_A	snpnet	qt	Covariates_only	4.082648e-01
white_british	Apolipoprotein_A	snpnet	qt	Genotype_and_covariates	5.398975e-01
white_british	Apolipoprotein_A	snpnet	qt	Genotype_only	3.520570e-01
white_british	Apolipoprotein_A_adjstatins	snpnet	qt	Covariates_only	4.124956e-01
white_british	Apolipoprotein_A_adjstatins	snpnet	qt	Genotype_and_covariates	5.410367e-01
white_british	Apolipoprotein_A_adjstatins	snpnet	qt	Genotype_only	3.487119e-01
white_british	Apolipoprotein_B	snpnet	qt	Covariates_only	2.001093e-01
white_british	Apolipoprotein_B	snpnet	qt	Genotype_and_covariates	4.241642e-01
white_british	Apolipoprotein_B	snpnet	qt	Genotype_only	3.742395e-01
white_british	Apolipoprotein_B_adjstatins	snpnet	qt	Covariates_only	2.433036e-01
white_british	Apolipoprotein_B_adjstatins	snpnet	qt	Genotype_and_covariates	5.335776e-01
white_british	Apolipoprotein_B_adjstatins	snpnet	qt	Genotype_only	4.737525e-01
white_british	Aspartate_aminotransferase	snpnet	qt	Covariates_only	2.058462e-01
white_british	Aspartate_aminotransferase	snpnet	qt	Genotype_and_covariates	2.482995e-01
white_british	Aspartate_aminotransferase	snpnet	qt	Genotype_only	1.397618e-01
white_british	Aspartate_aminotransferase_adjstatins	snpnet	qt	Covariates_only	1.961600e-01
white_british	Aspartate_aminotransferase_adjstatins	snpnet	qt	Genotype_and_covariates	2.404988e-01
white_british	Aspartate_aminotransferase_adjstatins	snpnet	qt	Genotype_only	1.399615e-01
white_british	Calcium	snpnet	qt	Covariates_only	2.102278e-01
white_british	Calcium	snpnet	qt	Genotype_and_covariates	3.182817e-01
white_british	Calcium	snpnet	qt	Genotype_only	2.406859e-01
white_british	Calcium_adjstatins	snpnet	qt	Covariates_only	2.235371e-01
white_british	Calcium_adjstatins	snpnet	qt	Genotype_and_covariates	3.246901e-01
white_british	Calcium_adjstatins	snpnet	qt	Genotype_only	2.373780e-01
white_british	Cholesterol	snpnet	qt	Covariates_only	2.826250e-01
white_british	Cholesterol	snpnet	qt	Genotype_and_covariates	4.102505e-01
white_british	Cholesterol	snpnet	qt	Genotype_only	2.982245e-01
white_british	Cholesterol_adjstatins	snpnet	qt	Covariates_only	2.887101e-01
white_british	Cholesterol_adjstatins	snpnet	qt	Genotype_and_covariates	5.018422e-01
white_british	Cholesterol_adjstatins	snpnet	qt	Genotype_only	4.094721e-01
white_british	Creatinine	snpnet	qt	Covariates_only	5.104399e-01
white_british	Creatinine	snpnet	qt	Genotype_and_covariates	5.413573e-01
white_british	Creatinine	snpnet	qt	Genotype_only	1.822797e-01
white_british	Creatinine_adjstatins	snpnet	qt	Covariates_only	5.058280e-01
white_british	Creatinine_adjstatins	snpnet	qt	Genotype_and_covariates	5.390810e-01
white_british	Creatinine_adjstatins	snpnet	qt	Genotype_only	1.888385e-01
white_british	Creatinine_in_urine	snpnet	qt	Covariates_only	3.552918e-01
white_british	Creatinine_in_urine	snpnet	qt	Genotype_and_covariates	3.582981e-01
white_british	Creatinine_in_urine	snpnet	qt	Genotype_only	5.415976e-02
white_british	Cystatin_C	snpnet	qt	Covariates_only	3.835347e-01
white_british	Cystatin_C	snpnet	qt	Genotype_and_covariates	4.742988e-01
white_british	Cystatin_C	snpnet	qt	Genotype_only	2.826001e-01
white_british	Cystatin_C_adjstatins	snpnet	qt	Covariates_only	3.687483e-01
white_british	Cystatin_C_adjstatins	snpnet	qt	Genotype_and_covariates	4.647899e-01
white_british	Cystatin_C_adjstatins	snpnet	qt	Genotype_only	2.866388e-01
white_british	C_reactive_protein	snpnet	qt	Covariates_only	1.114197e-01
white_british	C_reactive_protein	snpnet	qt	Genotype_and_covariates	1.827529e-01
white_british	C_reactive_protein	snpnet	qt	Genotype_only	1.460899e-01
white_british	C_reactive_protein_adjstatins	snpnet	qt	Covariates_only	1.056342e-01
white_british	C_reactive_protein_adjstatins	snpnet	qt	Genotype_and_covariates	1.790394e-01
white_british	C_reactive_protein_adjstatins	snpnet	qt	Genotype_only	1.456980e-01
white_british	Direct_bilirubin	snpnet	qt	Covariates_only	2.477922e-01
white_british	Direct_bilirubin	snpnet	qt	Genotype_and_covariates	5.351563e-01
white_british	Direct_bilirubin	snpnet	qt	Genotype_only	4.588633e-01
white_british	Direct_bilirubin_adjstatins	snpnet	qt	Covariates_only	2.364706e-01
white_british	Direct_bilirubin_adjstatins	snpnet	qt	Genotype_and_covariates	5.356233e-01
white_british	Direct_bilirubin_adjstatins	snpnet	qt	Genotype_only	4.658157e-01
white_british	Fasting_glucose	snpnet	qt	Covariates_only	4.327966e-01
white_british	Fasting_glucose	snpnet	qt	Genotype_and_covariates	4.331715e-01
white_british	Fasting_glucose	snpnet	qt	Genotype_only	1.223074e-02
white_british	Gamma_glutamyltransferase_adjstatins	snpnet	qt	Covariates_only	2.059735e-01
white_british	Gamma_glutamyltransferase_adjstatins	snpnet	qt	Genotype_and_covariates	2.785949e-01
white_british	Gamma_glutamyltransferase_adjstatins	snpnet	qt	Genotype_only	1.891785e-01
white_british	Glucose	snpnet	qt	Covariates_only	1.619856e-01
white_british	Glucose	snpnet	qt	Genotype_and_covariates	1.937803e-01
white_british	Glucose	snpnet	qt	Genotype_only	1.064589e-01
white_british	Glycated_haemoglobin_HbA1c	snpnet	qt	Covariates_only	2.358630e-01
white_british	Glycated_haemoglobin_HbA1c	snpnet	qt	Genotype_and_covariates	3.328261e-01
white_british	Glycated_haemoglobin_HbA1c	snpnet	qt	Genotype_only	2.352481e-01
white_british	Glycated_haemoglobin_HbA1c_adjstatins	snpnet	qt	Covariates_only	2.180850e-01
white_british	Glycated_haemoglobin_HbA1c_adjstatins	snpnet	qt	Genotype_and_covariates	3.227290e-01
white_british	Glycated_haemoglobin_HbA1c_adjstatins	snpnet	qt	Genotype_only	2.382996e-01
white_british	HDL_cholesterol	snpnet	qt	Covariates_only	4.327511e-01
white_british	HDL_cholesterol	snpnet	qt	Genotype_and_covariates	5.765975e-01
white_british	HDL_cholesterol	snpnet	qt	Genotype_only	3.810349e-01
white_british	HDL_cholesterol_adjstatins	snpnet	qt	Covariates_only	4.355450e-01
white_british	HDL_cholesterol_adjstatins	snpnet	qt	Genotype_and_covariates	5.769718e-01
white_british	HDL_cholesterol_adjstatins	snpnet	qt	Genotype_only	3.785715e-01
white_british	IGF_1	snpnet	qt	Covariates_only	2.901429e-01
white_british	IGF_1	snpnet	qt	Genotype_and_covariates	4.516703e-01
white_british	IGF_1	snpnet	qt	Genotype_only	3.458113e-01
white_british	IGF_1_adjstatins	snpnet	qt	Covariates_only	2.902301e-01
white_british	IGF_1_adjstatins	snpnet	qt	Genotype_and_covariates	4.517419e-01
white_british	IGF_1_adjstatins	snpnet	qt	Genotype_only	3.458401e-01
white_british	LDL_direct	snpnet	qt	Covariates_only	2.290111e-01
white_british	LDL_direct	snpnet	qt	Genotype_and_covariates	3.848577e-01
white_british	LDL_direct	snpnet	qt	Genotype_only	3.122965e-01
white_british	LDL_direct_adjstatins	snpnet	qt	Covariates_only	2.493095e-01
white_british	LDL_direct_adjstatins	snpnet	qt	Genotype_and_covariates	4.940179e-01
white_british	LDL_direct_adjstatins	snpnet	qt	Genotype_only	4.277083e-01
white_british	Lipoprotein_A_adjstatins	snpnet	qt	Covariates_only	1.886255e-02
white_british	Lipoprotein_A_adjstatins	snpnet	qt	Genotype_and_covariates	7.504717e-01
white_british	Lipoprotein_A_adjstatins	snpnet	qt	Genotype_only	7.486800e-01
white_british	MicroalbuminNormal	snpnet	bin	Covariates_only	6.133687e-01
white_british	MicroalbuminNormal	snpnet	bin	Genotype_and_covariates	6.231840e-01
white_british	MicroalbuminNormal	snpnet	bin	Genotype_only	5.407145e-01
white_british	Non_albumin_protein	snpnet	qt	Covariates_only	1.397129e-01
white_british	Non_albumin_protein	snpnet	qt	Genotype_and_covariates	3.578869e-01
white_british	Non_albumin_protein	snpnet	qt	Genotype_only	3.300502e-01
white_british	Non_albumin_protein_adjstatins	snpnet	qt	Covariates_only	1.366696e-01
white_british	Non_albumin_protein_adjstatins	snpnet	qt	Genotype_and_covariates	4.708484e-01
white_british	Non_albumin_protein_adjstatins	snpnet	qt	Genotype_only	4.547442e-01
white_british	OestradiolNormal	snpnet	bin	Covariates_only	8.646393e-01
white_british	OestradiolNormal	snpnet	bin	Genotype_and_covariates	8.661559e-01
white_british	OestradiolNormal	snpnet	bin	Genotype_only	5.138913e-01
white_british	Phosphate	snpnet	qt	Covariates_only	4.060330e-01
white_british	Phosphate	snpnet	qt	Genotype_and_covariates	4.674413e-01
white_british	Phosphate	snpnet	qt	Genotype_only	2.266862e-01
white_british	Phosphate_adjstatins	snpnet	qt	Covariates_only	4.193100e-01
white_british	Phosphate_adjstatins	snpnet	qt	Genotype_and_covariates	4.765362e-01
white_british	Phosphate_adjstatins	snpnet	qt	Genotype_only	2.250260e-01
white_british	Potassium_in_urine	snpnet	qt	Covariates_only	1.957011e-01
white_british	Potassium_in_urine	snpnet	qt	Genotype_and_covariates	1.982176e-01
white_british	Potassium_in_urine	snpnet	qt	Genotype_only	3.811788e-02
white_british	RheumatoidFactorNormal	snpnet	bin	Covariates_only	5.593487e-01
white_british	RheumatoidFactorNormal	snpnet	bin	Genotype_and_covariates	6.040362e-01
white_british	RheumatoidFactorNormal	snpnet	bin	Genotype_only	5.852192e-01
white_british	SHBG	snpnet	qt	Covariates_only	4.292604e-01
white_british	SHBG	snpnet	qt	Genotype_and_covariates	5.322758e-01
white_british	SHBG	snpnet	qt	Genotype_only	3.132661e-01
white_british	SHBG_adjstatins	snpnet	qt	Covariates_only	4.313819e-01
white_british	SHBG_adjstatins	snpnet	qt	Genotype_and_covariates	5.260040e-01
white_british	SHBG_adjstatins	snpnet	qt	Genotype_only	3.020109e-01
white_british	Sodium_in_urine	snpnet	qt	Covariates_only	3.125116e-01
white_british	Sodium_in_urine	snpnet	qt	Genotype_and_covariates	3.198744e-01
white_british	Sodium_in_urine	snpnet	qt	Genotype_only	6.942470e-02
white_british	Testosterone	snpnet	qt	Covariates_only	9.011753e-01
white_british	Testosterone	snpnet	qt	Genotype_and_covariates	9.066306e-01
white_british	Testosterone	snpnet	qt	Genotype_only	9.791925e-02
white_british	Testosterone_adjstatins	snpnet	qt	Covariates_only	8.996739e-01
white_british	Testosterone_adjstatins	snpnet	qt	Genotype_and_covariates	9.051403e-01
white_british	Testosterone_adjstatins	snpnet	qt	Genotype_only	9.745023e-02
white_british	Total_protein	snpnet	qt	Covariates_only	1.667288e-01
white_british	Total_protein	snpnet	qt	Genotype_and_covariates	3.282520e-01
white_british	Total_protein	snpnet	qt	Genotype_only	2.843862e-01
white_british	Total_protein_adjstatins	snpnet	qt	Covariates_only	1.771047e-01
white_british	Total_protein_adjstatins	snpnet	qt	Genotype_and_covariates	3.296669e-01
white_british	Total_protein_adjstatins	snpnet	qt	Genotype_only	2.794221e-01
white_british	Triglycerides	snpnet	qt	Covariates_only	2.851464e-01
white_british	Triglycerides	snpnet	qt	Genotype_and_covariates	4.236305e-01
white_british	Triglycerides	snpnet	qt	Genotype_only	3.145531e-01
white_british	Triglycerides_adjstatins	snpnet	qt	Covariates_only	2.848060e-01
white_british	Triglycerides_adjstatins	snpnet	qt	Genotype_and_covariates	5.100099e-01
white_british	Triglycerides_adjstatins	snpnet	qt	Genotype_only	4.309935e-01
white_british	UACRNormal	snpnet	bin	Covariates_only	6.027205e-01
white_british	UACRNormal	snpnet	bin	Genotype_and_covariates	6.071203e-01
white_british	UACRNormal	snpnet	bin	Genotype_only	5.299178e-01
white_british	Urate	snpnet	qt	Covariates_only	5.353555e-01
white_british	Urate	snpnet	qt	Genotype_and_covariates	6.181737e-01
white_british	Urate	snpnet	qt	Genotype_only	3.115849e-01
white_british	Urea	snpnet	qt	Covariates_only	3.056708e-01
white_british	Urea	snpnet	qt	Genotype_and_covariates	3.553658e-01
white_british	Urea	snpnet	qt	Genotype_only	1.830500e-01
white_british	Urea_adjstatins	snpnet	qt	Covariates_only	2.917044e-01
white_british	Urea_adjstatins	snpnet	qt	Genotype_and_covariates	3.446110e-01
white_british	Urea_adjstatins	snpnet	qt	Genotype_only	1.854833e-01
white_british	Vitamin_D	snpnet	qt	Covariates_only	4.130896e-01
white_british	Vitamin_D	snpnet	qt	Genotype_and_covariates	4.666267e-01
white_british	Vitamin_D	snpnet	qt	Genotype_only	2.150879e-01
white_british	Vitamin_D_adjstatins	snpnet	qt	Covariates_only	4.088156e-01
white_british	Vitamin_D_adjstatins	snpnet	qt	Genotype_and_covariates	4.641627e-01
white_british	Vitamin_D_adjstatins	snpnet	qt	Genotype_only	2.180159e-01
white_british	eGFR_adjstatins	snpnet	qt	Covariates_only	4.571739e-01
white_british	eGFR_adjstatins	snpnet	qt	Genotype_and_covariates	6.020668e-01
white_british	eGFR_adjstatins	snpnet	qt	Genotype_only	4.069895e-01
